equipo,position,id,shirtNumber,firstName,lastName,matchName,knownName,Aerial Duels,Aerial Duels won,Appearances,Backward Passes,Carries,Duels,Duels lost,Duels won,Forward Passes,Games Played,Ground Duels,Ground Duels lost,Leftside Passes,Open Play Passes,Substitute On,Successful Open Play Passes,Successful Passes Own Half,Successful Short Passes,Time Played,Times Tackled,Total Fouls Conceded,Total Losses Of Possession,Total Passes,Total Successful Passes ( Excl Crosses & Corners ) ,Total Unsuccessful Passes ( Excl Crosses & Corners ),Touches,Unsuccessful Passes Opposition Half,Unsuccessful Passes Own Half,Unsuccessful Short Passes,Winning Goal,Aerial Duels lost,Blocked Shots,Blocks,Clean Sheets,Clearances Off the Line,Corners Won,Final Third Touches,Foul Attempted Tackle,Goals,Goals Conceded,Goals Conceded Inside Box,Goals Conceded Outside Box,Goals from Inside Box,Ground Duels won,Headed Goals,Interceptions,Key Passes (Attempt Assists),Last Player Tackle,Offsides,Overruns,Penalties Conceded,Penalty Goals Conceded,Progressive Carries,PutThrough/Blocked Distribution,PutThrough/Blocked Distribution Won,Recoveries,Rightside Passes,Shots Created,Shots Off Target (inc woodwork),Shots On Target ( inc goals ),Starts,Substitute Off,Successful Crosses & Corners,Successful Crosses open play,Successful Dribbles,Successful Launches,Successful Long Passes,Successful Passes Opposition Half,Tackles Lost,Tackles Won,Through balls,Throw Ins to Opposition Player,Throw Ins to Own Player,Total Big Chances Missed,Total Big Chances Scored,Total Clearances,Total Fouls Won,Total Shots,Total Tackles,Total Touches In Opposition Box,Unsuccessful Crosses & Corners,Unsuccessful Crosses open play,Unsuccessful Dribbles,Unsuccessful Launches,Unsuccessful Long Passes,Yellow Cards,Home Goals,Away Goals,Assists (Intentional),Attempts from Set Pieces,Corners Taken (incl short corners),Direct Setpiece Goals,Goal Assists,Goals Openplay,Goals from Outside Box,Handballs conceded,Right Foot Goals,Set Pieces Goals,Successful Corners into Box,Successful Lay-offs,Total Big Chances Created,Unsuccessful Corners into Box,Unsuccessful lay-offs,GK Successful Distribution,Goal Kicks,Straight Red Cards,Total Big Chances Saved,Total Red Cards,Hit Woodwork,Left Foot Goals,Foul Won Penalty,Second Goal Assists,Penalties Taken,Penalty Goals,Red Cards - 2nd Yellow,Catches,Drops,GK Unsuccessful Distribution,Goalkeeper Smother,Own Goal Scored,Penalties Faced,Punches,Saves Made,Saves Made from Inside Box,Saves Made from Outside Box,Saves made - parried
Real Sociedad,Midfielder,d8m3jx634os7zwau1rufwkd0,46,Ibai,Aguirre Basurco,Ibai Aguirre,,1.0,1.0,1.0,1.0,1.0,3.0,2.0,1.0,2.0,1.0,2.0,2.0,1.0,4.0,1.0,1.0,1.0,1.0,5.0,1.0,1.0,4.0,4.0,1.0,3.0,5.0,2.0,1.0,3.0,0.0,,,,,,,,,,,,,,,,,,,,,,,,,,,,,,,,,,,,,,,,,,,,,,,,,,,,,,,,,,,,,,,,,,,,,,,,,,,,,,,,,,,,,,,,,,,,,,,,
Real Sociedad,Defender,ezbplvktzcvzh5kwur32110mi,2,Jon Mikel,Aramburu Mejías,J. Aramburu,,62.0,44.0,28.0,183.0,182.0,310.0,135.0,175.0,480.0,28.0,248.0,117.0,344.0,1034.0,2.0,830.0,424.0,833.0,2301.0,19.0,58.0,346.0,1071.0,864.0,207.0,1757.0,174.0,70.0,147.0,1.0,18.0,4.0,8.0,3.0,1.0,9.0,338.0,33.0,1.0,38.0,36.0,2.0,1.0,131.0,1.0,39.0,10.0,1.0,2.0,1.0,2.0,4.0,96.0,55.0,23.0,97.0,64.0,10.0,9.0,5.0,26.0,6.0,5.0,5.0,6.0,9.0,31.0,445.0,38.0,52.0,1.0,53.0,188.0,2.0,1.0,78.0,37.0,14.0,90.0,23.0,37.0,37.0,8.0,32.0,60.0,9.0,0.0,1.0,,,,,,,,,,,,,,,,,,,,,,,,,,,,,,,,,,,,,,
Real Sociedad,Midfielder,ligleescbvmylb6qejczd6ok,44,Lander,Astiazarán Escabias,Lander Astiazarán,,,,1.0,,,1.0,1.0,,1.0,1.0,1.0,1.0,1.0,3.0,1.0,,,,1.0,1.0,,4.0,3.0,,3.0,6.0,1.0,2.0,3.0,0.0,,,,,,,4.0,,,1.0,1.0,,,,,,,,,,,1.0,,,,1.0,1.0,,1.0,,,,,,,,,,,,,,1.0,,,,,1.0,,,,,,,,,,,,,,,,,,,,,,,,,,,,,,,,,,,,,,,,,,,,,,,,
Real Sociedad,Forward,21vx56lpd276xqbu11ubkf78q,7,Ander,Barrenetxea Muguruza,Ander Barrenetxea,,22.0,7.0,24.0,161.0,246.0,210.0,121.0,89.0,147.0,24.0,188.0,106.0,70.0,557.0,7.0,445.0,113.0,436.0,1428.0,68.0,30.0,303.0,573.0,461.0,112.0,973.0,142.0,22.0,90.0,0.0,15.0,4.0,2.0,,,10.0,493.0,17.0,3.0,21.0,18.0,3.0,1.0,82.0,,13.0,37.0,,3.0,9.0,,1.0,129.0,49.0,19.0,85.0,195.0,40.0,15.0,8.0,17.0,13.0,9.0,6.0,40.0,,25.0,357.0,9.0,11.0,5.0,,7.0,4.0,,9.0,22.0,23.0,20.0,86.0,52.0,40.0,44.0,3.0,22.0,3.0,2.0,1.0,3.0,1.0,27.0,1.0,3.0,2.0,2.0,3.0,3.0,1.0,3.0,26.0,10.0,10.0,3.0,,,,,,,,,,,,,,,,,,,,,,,
Real Sociedad,Defender,8qs8s7c173w8i1dfu06ub5zis,38,Luken,Beitia Aguirregomezcorta,Luken Beitia,,,,,,,,,,,,,,,,,,,,,,,,,,,,,,,,,,,,,,,,,,,,,,,,,,,,,,,,,,,,,,,,,,,,,,,,,,,,,,,,,,,,,,,,,,,,,,,,,,,,,,,,,,,,,,,,,,,,,,,,,,,,,,,
Real Sociedad,Defender,6gymgqxnu2zavuxgp6amm3zkl,16,Duje,Ćaleta-Car,D. Ćaleta-Car,,112.0,74.0,21.0,72.0,198.0,161.0,64.0,97.0,329.0,21.0,49.0,26.0,247.0,959.0,3.0,862.0,640.0,870.0,1610.0,2.0,22.0,108.0,1013.0,910.0,103.0,1215.0,70.0,34.0,63.0,0.0,38.0,3.0,14.0,2.0,2.0,2.0,27.0,10.0,1.0,22.0,21.0,1.0,1.0,23.0,1.0,22.0,3.0,,1.0,,,,104.0,5.0,4.0,56.0,365.0,3.0,5.0,2.0,18.0,2.0,,,,6.0,40.0,270.0,5.0,11.0,2.0,,,1.0,1.0,91.0,7.0,7.0,16.0,18.0,1.0,1.0,,25.0,40.0,4.0,1.0,0.0,,,,,,,,,,,,,,,,31.0,31.0,1.0,2.0,1.0,,,,,,,,,,,,,,,,,,
Real Sociedad,Midfielder,9188rfpym5ora5ssfqxqsi6ms,43,Tomás,Carbonell del Rio,Tomás Carbonell,,,,,,,,,,,,,,,,,,,,,,,,,,,,,,,,,,,,,,,,,,,,,,,,,,,,,,,,,,,,,,,,,,,,,,,,,,,,,,,,,,,,,,,,,,,,,,,,,,,,,,,,,,,,,,,,,,,,,,,,,,,,,,,
Real Sociedad,Forward,bqltxeg4ejtd649kta3njitqs,42,Gorka,Carrera Zarranz,Gorka Carrera,,1.0,,1.0,1.0,,3.0,2.0,1.0,,1.0,2.0,1.0,,1.0,1.0,1.0,2.0,2.0,13.0,,,2.0,2.0,2.0,,6.0,,,,0.0,1.0,,,,,,2.0,,,1.0,1.0,,,1.0,,,,,,,,,,,,,1.0,,,,,,,,,,,,,,,,,,,,1.0,,,1.0,,,,,,,,,,,,,,,,,,,,,,,,,,,,,,,,,,,,,,,,,,,,,,
Real Sociedad,Forward,2hqyw29ta24b0fk146a4mlf6c,26,Daniel,Díaz Gándara,Dani Díaz,,,,1.0,3.0,1.0,1.0,1.0,,,1.0,1.0,1.0,,4.0,1.0,3.0,,3.0,17.0,1.0,,3.0,4.0,3.0,1.0,6.0,2.0,,1.0,0.0,,,,,,,4.0,,,,,,,,,,,,,,,,1.0,,,,1.0,,,,,,,,,,,3.0,,,,,,,,,,,,2.0,1.0,1.0,1.0,,,,,,,,,,,,,,,,,,,,,,,,,,,,,,,,,,,,,,,,,,,
Real Sociedad,Defender,e35v2pspdgl7t769d57e67ob9,6,Aritz,Elustondo Irribaria,Aritz Elustondo,,15.0,9.0,11.0,20.0,38.0,51.0,29.0,22.0,85.0,11.0,36.0,23.0,72.0,213.0,7.0,188.0,122.0,189.0,413.0,3.0,13.0,40.0,223.0,198.0,25.0,329.0,17.0,10.0,17.0,0.0,6.0,,2.0,,,3.0,41.0,4.0,,8.0,6.0,2.0,,13.0,,6.0,,,,,1.0,2.0,23.0,9.0,5.0,16.0,46.0,,1.0,2.0,4.0,2.0,1.0,1.0,,1.0,9.0,77.0,4.0,4.0,,3.0,24.0,1.0,,29.0,5.0,3.0,8.0,6.0,2.0,2.0,3.0,4.0,8.0,,,,,,,,,,,1.0,,,,,,,,4.0,4.0,,,,,,,,,,,,,,,,,,,,,
Real Sociedad,Goalkeeper,b3y6i7qt9vimy3ugvtl6wtu6s,41,Theo Mickael Kevin,Folgado,Theo Folgado,,,,,,,,,,,,,,,,,,,,,,,,,,,,,,,,,,,,,,,,,,,,,,,,,,,,,,,,,,,,,,,,,,,,,,,,,,,,,,,,,,,,,,,,,,,,,,,,,,,,,,,,,,,,,,,,,,,,,,,,,,,,,,,
Real Sociedad,Goalkeeper,29cp6coiba854vwntnzj5x1ck,32,Aitor,Fraga Torres,Aitor Fraga,,,,,,,,,,,,,,,,,,,,,,,,,,,,,,,,,,,,,,,,,,,,,,,,,,,,,,,,,,,,,,,,,,,,,,,,,,,,,,,,,,,,,,,,,,,,,,,,,,,,,,,,,,,,,,,,,,,,,,,,,,,,,,,
Real Sociedad,Forward,7pmigpf4yfi6dfih8e1ogdwb9,11,Gonçalo Manuel,Ganchinho Guedes,Gonçalo Guedes,Gonçalo Guedes,29.0,10.0,30.0,143.0,206.0,189.0,104.0,85.0,160.0,30.0,160.0,85.0,114.0,545.0,8.0,409.0,112.0,387.0,1776.0,44.0,18.0,288.0,548.0,412.0,136.0,914.0,159.0,28.0,118.0,3.0,19.0,16.0,,1.0,,23.0,479.0,9.0,8.0,23.0,20.0,3.0,6.0,75.0,,3.0,20.0,,13.0,4.0,,2.0,115.0,47.0,15.0,53.0,131.0,23.0,10.0,18.0,22.0,17.0,16.0,15.0,18.0,1.0,25.0,316.0,9.0,15.0,3.0,1.0,10.0,3.0,5.0,6.0,33.0,28.0,24.0,61.0,51.0,50.0,21.0,5.0,18.0,2.0,6.0,2.0,4.0,,2.0,,4.0,7.0,2.0,2.0,6.0,,,16.0,6.0,,2.0,,,,,,2.0,2.0,,,,,,,,,,,,,,,,
Real Sociedad,Midfielder,706la37b8u3v3n6mqtbjs73mc,4,Jon,Gorrotxategi Etxaniz,Jon Gorrotxategi,,56.0,25.0,25.0,160.0,277.0,192.0,100.0,92.0,306.0,25.0,136.0,69.0,334.0,1103.0,3.0,956.0,495.0,943.0,1912.0,19.0,26.0,197.0,1127.0,976.0,151.0,1395.0,109.0,46.0,123.0,1.0,31.0,5.0,9.0,1.0,,4.0,200.0,12.0,1.0,34.0,31.0,3.0,1.0,67.0,,32.0,12.0,,,,,4.0,120.0,34.0,18.0,115.0,327.0,15.0,5.0,1.0,22.0,8.0,,,8.0,5.0,33.0,481.0,14.0,25.0,2.0,,1.0,,1.0,36.0,20.0,6.0,39.0,5.0,4.0,4.0,4.0,13.0,28.0,6.0,1.0,0.0,1.0,,,,3.0,,,,1.0,,,18.0,2.0,,1.0,,,,,,,,,,,,,,,,,,,,,,,
Real Sociedad,Midfielder,dci5jbkxxr0wddazufgbysxec,22,Mikel,Goti López,Mikel Goti,,11.0,3.0,4.0,3.0,9.0,21.0,16.0,5.0,13.0,4.0,10.0,8.0,6.0,29.0,3.0,14.0,2.0,13.0,74.0,3.0,6.0,24.0,29.0,14.0,15.0,53.0,11.0,7.0,11.0,0.0,8.0,2.0,1.0,,,2.0,26.0,4.0,,3.0,2.0,1.0,,2.0,,,,,,1.0,,,6.0,6.0,2.0,3.0,7.0,,1.0,,1.0,1.0,,,2.0,,1.0,12.0,,,2.0,,,1.0,,1.0,,1.0,,4.0,3.0,3.0,1.0,2.0,4.0,,,,,,,,,,,,,,,2.0,,,1.0,,,,,,,,,,,,,,,,,,,,,,,
Real Sociedad,Forward,d4tdx2ctadv6kc3tbq4as8bmx,17,Sergio,Gómez Martín,Sergio Gómez,,25.0,15.0,28.0,216.0,239.0,210.0,97.0,113.0,486.0,28.0,185.0,87.0,84.0,1183.0,4.0,1018.0,481.0,1019.0,2155.0,12.0,38.0,356.0,1236.0,1064.0,172.0,1854.0,223.0,47.0,118.0,0.0,10.0,2.0,5.0,2.0,,22.0,479.0,25.0,,34.0,31.0,3.0,,98.0,,25.0,32.0,,4.0,,,3.0,138.0,58.0,22.0,121.0,450.0,34.0,7.0,,24.0,7.0,30.0,18.0,10.0,10.0,45.0,613.0,32.0,45.0,4.0,42.0,155.0,2.0,,52.0,12.0,7.0,77.0,25.0,98.0,57.0,8.0,30.0,54.0,2.0,,,1.0,,44.0,,2.0,,,1.0,,,7.0,2.0,10.0,27.0,,,,,,,,,,,,,,,,,,,,,,,,
Real Sociedad,Midfielder,c320492cbp1otejfp1i1oane1,12,Yangel Clemente,Herrera Ravelo,Y. Herrera,,31.0,19.0,10.0,22.0,45.0,80.0,37.0,43.0,50.0,10.0,49.0,25.0,61.0,171.0,4.0,131.0,63.0,125.0,417.0,9.0,11.0,61.0,175.0,134.0,41.0,265.0,32.0,10.0,35.0,0.0,12.0,2.0,2.0,,,2.0,47.0,7.0,,19.0,18.0,1.0,,24.0,,2.0,,,1.0,1.0,,3.0,18.0,10.0,7.0,15.0,42.0,,3.0,1.0,6.0,6.0,1.0,1.0,3.0,,9.0,72.0,3.0,4.0,,,1.0,1.0,,16.0,14.0,4.0,7.0,8.0,1.0,1.0,3.0,2.0,6.0,1.0,,,,,,,,,,,,,,3.0,,,,,,,,,,,1.0,,,,,,,,,,,,,,,
Real Sociedad,Forward,dqiuqhsqsayvldfazfnp8d46i,19,Jon,Karrikaburu Jaimerena,Jon Karrikaburu,,13.0,4.0,6.0,4.0,8.0,21.0,14.0,7.0,5.0,6.0,8.0,5.0,5.0,17.0,6.0,10.0,4.0,10.0,127.0,1.0,3.0,18.0,17.0,10.0,7.0,45.0,7.0,1.0,7.0,0.0,9.0,2.0,,,,2.0,23.0,2.0,,3.0,3.0,,,3.0,,,1.0,,2.0,,,,4.0,3.0,1.0,3.0,3.0,1.0,2.0,2.0,,,,,,,,6.0,,1.0,,,,2.0,,,4.0,4.0,1.0,13.0,1.0,1.0,1.0,,,,,,,,,,,,,,,,,1.0,,,1.0,,,,,,,,,,,,,,,,,,,,,,,
Real Sociedad,Defender,4funfkj5murbekemu7ffzu5g4,45,Kazunari,Kita,K. Kita,,,,,,,,,,,,,,,,,,,,,,,,,,,,,,,,,,,,,,,,,,,,,,,,,,,,,,,,,,,,,,,,,,,,,,,,,,,,,,,,,,,,,,,,,,,,,,,,,,,,,,,,,,,,,,,,,,,,,,,,,,,,,,,
Real Sociedad,Forward,1qkep5ck252k1g3oqza5ygh61,14,Takefusa,Kubo,T. Kubo,,14.0,5.0,18.0,98.0,217.0,156.0,62.0,94.0,83.0,18.0,142.0,53.0,178.0,368.0,5.0,291.0,77.0,294.0,1183.0,37.0,6.0,188.0,376.0,299.0,77.0,674.0,85.0,16.0,71.0,0.0,9.0,7.0,,,,18.0,350.0,5.0,2.0,17.0,16.0,1.0,1.0,89.0,1.0,7.0,23.0,,11.0,7.0,,2.0,124.0,28.0,11.0,44.0,17.0,26.0,6.0,12.0,13.0,10.0,8.0,2.0,27.0,,5.0,230.0,9.0,16.0,3.0,,,2.0,1.0,9.0,37.0,18.0,25.0,64.0,24.0,17.0,26.0,4.0,6.0,,0.0,2.0,3.0,1.0,15.0,,3.0,2.0,1.0,,,,5.0,4.0,5.0,6.0,1.0,,,,,,1.0,1.0,,1.0,,,,,,,,,,,,,,
Real Sociedad,Midfielder,2mp4gv88fp9zepmieq3j52hhw,36,Alex Douma Johan,Lebarbier,A. Lebarbier,,,,,,,,,,,,,,,,,,,,,,,,,,,,,,,,,,,,,,,,,,,,,,,,,,,,,,,,,,,,,,,,,,,,,,,,,,,,,,,,,,,,,,,,,,,,,,,,,,,,,,,,,,,,,,,,,,,,,,,,,,,,,,,
Real Sociedad,Forward,1bcd2ijk9xkf7mmoqmsfpxzbo,40,Alex,Marchal García,Alex Marchal,,,,,,,,,,,,,,,,,,,,,,,,,,,,,,,,,,,,,,,,,,,,,,,,,,,,,,,,,,,,,,,,,,,,,,,,,,,,,,,,,,,,,,,,,,,,,,,,,,,,,,,,,,,,,,,,,,,,,,,,,,,,,,,
Real Sociedad,Forward,66l9n4gqc4aau3bpc0qtpta8k,34,Arkaitz,Mariezkurrena Etxezarreta,Arkaitz Mariezkurrena,,,,1.0,,,2.0,2.0,,,1.0,2.0,2.0,,,1.0,,,,1.0,,2.0,,,,,2.0,,,,0.0,,,,,,,,,,1.0,1.0,,,,,,,,,,1.0,1.0,,,,,,,,,,,,,,,,,,,,,,,,2.0,,,,,,,,,,,,,,,,,,,,,,,,,,,,,,,,,,,,,,,,,,,,,,,,,,
Real Sociedad,Goalkeeper,b2xlrg9xvucrut2fhmvsgjuqy,13,Unai,Marrero Larrañaga,Unai Marrero,,,,,,,,,,,,,,,,,,,,,,,,,,,,,,,,,,,,,,,,,,,,,,,,,,,,,,,,,,,,,,,,,,,,,,,,,,,,,,,,,,,,,,,,,,,,,,,,,,,,,,,,,,,,,,,,,,,,,,,,,,,,,,,
Real Sociedad,Defender,8krgbfnydbtyongkwnsaj43kk,31,Jon,Martín Vicente,Jon Martín,,93.0,60.0,19.0,44.0,323.0,157.0,58.0,99.0,342.0,19.0,64.0,25.0,401.0,976.0,,891.0,626.0,893.0,1710.0,11.0,14.0,113.0,1002.0,915.0,87.0,1275.0,61.0,26.0,64.0,1.0,33.0,3.0,21.0,1.0,2.0,1.0,36.0,6.0,1.0,32.0,30.0,2.0,1.0,39.0,1.0,31.0,2.0,,,,1.0,5.0,156.0,13.0,7.0,58.0,215.0,2.0,7.0,4.0,19.0,,,,7.0,5.0,22.0,289.0,12.0,11.0,,,1.0,4.0,1.0,109.0,9.0,11.0,23.0,16.0,,,4.0,11.0,23.0,5.0,1.0,0.0,,,,,,,,,,,,,,,,1.0,1.0,,1.0,,1.0,,,,,,,,,,,,,,,,,
Real Sociedad,Midfielder,aka2yqxmqpioxc1qzkl62ejv8,15,Pablo,Marín Tejada,Pablo Marín,,23.0,5.0,26.0,83.0,88.0,129.0,82.0,47.0,73.0,26.0,106.0,64.0,74.0,298.0,14.0,238.0,98.0,236.0,1124.0,41.0,17.0,147.0,302.0,242.0,60.0,514.0,45.0,23.0,50.0,0.0,18.0,5.0,1.0,,,6.0,178.0,9.0,,25.0,24.0,1.0,,42.0,,5.0,6.0,,2.0,3.0,,3.0,54.0,18.0,7.0,43.0,72.0,7.0,3.0,4.0,12.0,9.0,3.0,3.0,13.0,1.0,6.0,147.0,3.0,11.0,2.0,,6.0,2.0,,11.0,15.0,7.0,14.0,20.0,8.0,8.0,23.0,6.0,10.0,1.0,,,1.0,,,,1.0,,,1.0,,,,14.0,1.0,,3.0,,,,,,1.0,,,,,,,,,,,,,,,,,
Real Sociedad,Defender,bj929w5yi7lnz36jxsi5qnq7e,3,Aihen,Muñoz Capellán,Aihen Muñoz,,12.0,7.0,16.0,44.0,46.0,69.0,34.0,35.0,103.0,16.0,57.0,29.0,27.0,243.0,9.0,203.0,101.0,196.0,681.0,8.0,6.0,88.0,246.0,205.0,41.0,422.0,35.0,19.0,23.0,0.0,5.0,,,,,3.0,111.0,3.0,,14.0,14.0,,,28.0,,5.0,4.0,,,,,2.0,31.0,12.0,6.0,24.0,72.0,4.0,4.0,1.0,7.0,4.0,5.0,5.0,2.0,1.0,9.0,109.0,10.0,15.0,1.0,15.0,37.0,1.0,,27.0,3.0,5.0,25.0,5.0,13.0,13.0,6.0,10.0,18.0,1.0,,,,,1.0,,,,,,,,,,,,,,,,,,,,,,,,,,,,,,,,,,,
Real Sociedad,Midfielder,dvrk8qmt9ta4c3kvjgsad7t91,23,Brais,Méndez Portela,Brais Méndez,,42.0,24.0,26.0,190.0,176.0,198.0,100.0,98.0,230.0,26.0,156.0,82.0,212.0,728.0,8.0,584.0,241.0,593.0,1505.0,39.0,40.0,287.0,777.0,630.0,147.0,1114.0,164.0,29.0,121.0,0.0,18.0,9.0,3.0,,1.0,15.0,390.0,21.0,6.0,22.0,20.0,2.0,6.0,74.0,,5.0,21.0,,6.0,2.0,,2.0,84.0,42.0,14.0,75.0,145.0,23.0,7.0,15.0,18.0,15.0,14.0,4.0,19.0,,37.0,403.0,13.0,17.0,5.0,,4.0,3.0,3.0,9.0,26.0,22.0,30.0,49.0,46.0,21.0,23.0,12.0,26.0,5.0,3.0,3.0,1.0,3.0,28.0,,2.0,5.0,,2.0,,,7.0,27.0,5.0,17.0,,,,1.0,,1.0,,6.0,,,1.0,1.0,,,,,,,,,,,,
Real Sociedad,Forward,1fcmd6qaiira468e8mph4sis4,47,Job,Nguono Ochieng,J. Ochieng,,1.0,,1.0,2.0,5.0,4.0,3.0,1.0,2.0,1.0,3.0,2.0,6.0,12.0,1.0,9.0,3.0,8.0,25.0,2.0,,9.0,12.0,9.0,3.0,22.0,3.0,1.0,3.0,0.0,1.0,,,,,,10.0,,,,,,,1.0,,,2.0,,,,,,5.0,2.0,1.0,3.0,2.0,2.0,,,,,,,,,1.0,6.0,1.0,,,,,,,,,,1.0,1.0,1.0,1.0,2.0,,,,,,,,,,,,,,,,,,,,,,,,,,,,,,,,,,,,,,,,,,,
Real Sociedad,Defender,5nluxvc0wi0u1d5zcy7be5rkl,20,Álvaro,Odriozola Arzallus,Álvaro Odriozola,,2.0,1.0,5.0,7.0,12.0,15.0,6.0,9.0,11.0,5.0,13.0,5.0,10.0,28.0,3.0,24.0,7.0,21.0,202.0,3.0,1.0,15.0,28.0,24.0,4.0,71.0,3.0,2.0,4.0,0.0,1.0,,2.0,,,,20.0,1.0,1.0,4.0,4.0,,1.0,8.0,,1.0,3.0,,,,,,8.0,3.0,2.0,2.0,,3.0,,1.0,2.0,3.0,2.0,2.0,,1.0,3.0,19.0,4.0,1.0,,4.0,11.0,,1.0,3.0,3.0,1.0,5.0,5.0,1.0,1.0,2.0,,,,0.0,1.0,,,,,,1.0,,,1.0,,,,2.0,,,,,,,,,,1.0,,,,,,,,,,,,,,,
Real Sociedad,Forward,b45ryclny991bm7qosieyg1cl,10,Mikel,Oyarzabal Ugarte,Mikel Oyarzabal,,99.0,32.0,27.0,171.0,198.0,276.0,159.0,117.0,162.0,27.0,177.0,92.0,145.0,586.0,1.0,440.0,175.0,450.0,2274.0,61.0,18.0,298.0,611.0,465.0,146.0,1028.0,130.0,30.0,134.0,4.0,67.0,16.0,3.0,2.0,,32.0,479.0,4.0,12.0,36.0,34.0,2.0,8.0,85.0,,3.0,34.0,,12.0,4.0,,3.0,110.0,55.0,19.0,76.0,133.0,36.0,24.0,31.0,26.0,9.0,2.0,1.0,29.0,,15.0,292.0,7.0,13.0,11.0,1.0,2.0,15.0,8.0,22.0,37.0,55.0,20.0,133.0,14.0,14.0,21.0,5.0,12.0,2.0,9.0,3.0,3.0,2.0,1.0,,3.0,7.0,4.0,2.0,2.0,,1.0,43.0,12.0,,5.0,,,,,,1.0,10.0,,,5.0,5.0,,,,,,,,,,,,
Real Sociedad,Defender,7bs0ph4yksf6lvkg91u9nqzqi,20,Jon,Pacheco Dozagarat,Jon Pacheco,,66.0,41.0,21.0,79.0,214.0,139.0,54.0,85.0,323.0,21.0,73.0,29.0,197.0,900.0,1.0,781.0,518.0,747.0,1725.0,4.0,14.0,146.0,936.0,810.0,126.0,1179.0,95.0,34.0,56.0,0.0,25.0,,21.0,2.0,1.0,2.0,45.0,4.0,,29.0,27.0,2.0,,44.0,,11.0,5.0,1.0,1.0,,2.0,3.0,125.0,16.0,8.0,70.0,337.0,5.0,3.0,1.0,20.0,2.0,1.0,1.0,2.0,15.0,63.0,293.0,20.0,16.0,1.0,,2.0,,,101.0,7.0,4.0,36.0,14.0,3.0,3.0,1.0,29.0,70.0,4.0,,,,,,,,,,,,,,,1.0,,,,,,1.0,1.0,,,,,,,1.0,,,,,,,,,,,
Real Sociedad,Goalkeeper,w503zyr8ipyobglth281uklx,1,Alejandro,Remiro Gargallo,Álex Remiro,,7.0,7.0,30.0,,174.0,15.0,2.0,13.0,671.0,30.0,8.0,2.0,222.0,776.0,,592.0,637.0,530.0,2700.0,,,329.0,1096.0,777.0,319.0,1373.0,247.0,72.0,5.0,0.0,,,,3.0,,,,,,45.0,42.0,3.0,,6.0,,1.0,3.0,1.0,,,,5.0,57.0,1.0,,237.0,203.0,3.0,,,30.0,,,,1.0,54.0,247.0,140.0,,1.0,,,,,,32.0,4.0,,1.0,,,,,158.0,314.0,,,,,,,,,,,,,,,,,,,221.0,187.0,,12.0,,,,,,,,,20.0,7.0,78.0,4.0,1.0,5.0,17.0,79.0,49.0,28.0,24.0
Real Sociedad,Defender,3eksuqblpadcgroqkg5ynldec,33,Iñaki,Rupérez Urtasun,Iñaki Rupérez,,,,,,,,,,,,,,,,,,,,,,,,,,,,,,,,,,,,,,,,,,,,,,,,,,,,,,,,,,,,,,,,,,,,,,,,,,,,,,,,,,,,,,,,,,,,,,,,,,,,,,,,,,,,,,,,,,,,,,,,,,,,,,,
Real Sociedad,Forward,dtvmsnqlzn5672xb54zj8u7dh,15,Umar,Sadiq Mesbah,U. Sadiq,,49.0,17.0,17.0,24.0,75.0,127.0,83.0,44.0,26.0,17.0,78.0,51.0,21.0,113.0,11.0,73.0,30.0,76.0,666.0,33.0,15.0,106.0,118.0,78.0,40.0,270.0,36.0,7.0,39.0,0.0,32.0,5.0,,,,9.0,147.0,4.0,1.0,12.0,11.0,1.0,,27.0,,1.0,6.0,,8.0,1.0,,3.0,32.0,17.0,10.0,26.0,47.0,8.0,8.0,4.0,6.0,4.0,2.0,2.0,11.0,,2.0,50.0,1.0,1.0,3.0,,,2.0,1.0,2.0,15.0,12.0,2.0,43.0,3.0,3.0,13.0,1.0,1.0,3.0,0.0,1.0,2.0,,,,2.0,1.0,1.0,1.0,1.0,,,8.0,3.0,,3.0,,,,,,,,3.0,,,,,,,,,,,,,,,
Real Sociedad,Midfielder,dsmcqfl0e1be4ag7czbnolo15,18,Carlos,Soler Barragán,Carlos Soler,,17.0,7.0,25.0,175.0,194.0,123.0,62.0,61.0,262.0,25.0,106.0,52.0,162.0,799.0,6.0,704.0,314.0,703.0,1701.0,16.0,25.0,159.0,845.0,747.0,98.0,1094.0,112.0,19.0,69.0,1.0,10.0,3.0,8.0,1.0,,4.0,318.0,16.0,4.0,23.0,22.0,1.0,3.0,54.0,1.0,10.0,32.0,,,,,4.0,103.0,18.0,11.0,68.0,246.0,35.0,7.0,17.0,19.0,12.0,19.0,8.0,10.0,4.0,44.0,452.0,14.0,15.0,3.0,,2.0,3.0,1.0,22.0,15.0,24.0,29.0,28.0,33.0,11.0,3.0,12.0,29.0,2.0,1.0,3.0,3.0,,40.0,,3.0,4.0,1.0,,2.0,,7.0,27.0,6.0,16.0,2.0,1.0,1.0,1.0,,1.0,,1.0,,,,,,,,,,,,,,,,
Real Sociedad,Midfielder,9x5uo2wkxp9fk1arygbkl6u0a,24,Luka,Sučić,L. Sučić,,25.0,12.0,15.0,54.0,113.0,72.0,40.0,32.0,66.0,15.0,47.0,27.0,96.0,278.0,8.0,222.0,99.0,212.0,641.0,19.0,5.0,89.0,287.0,230.0,57.0,397.0,46.0,14.0,45.0,0.0,13.0,5.0,,,,1.0,119.0,3.0,2.0,9.0,9.0,,2.0,20.0,,3.0,4.0,,1.0,2.0,,1.0,47.0,17.0,6.0,27.0,71.0,5.0,6.0,5.0,7.0,7.0,,,9.0,,18.0,131.0,3.0,4.0,2.0,,1.0,2.0,,10.0,4.0,11.0,7.0,11.0,3.0,2.0,6.0,1.0,12.0,1.0,1.0,1.0,1.0,,1.0,,1.0,1.0,,1.0,,,,10.0,,1.0,1.0,,,,,,1.0,2.0,,,,,,,,,,,,,,,,
Real Sociedad,Defender,xrh2szvp5808no7zm1et2zf9,18,Hamari,Traoré,H. Traoré,,,,,,,,,,,,,,,,,,,,,,,,,,,,,,,,,,,,,,,,,,,,,,,,,,,,,,,,,,,,,,,,,,,,,,,,,,,,,,,,,,,,,,,,,,,,,,,,,,,,,,,,,,,,,,,,,,,,,,,,,,,,,,,
Real Sociedad,Midfielder,et849xmcdgsy5itb8i4w7qkq2,8,Beñat,Turrientes Imaz,Beñat Turrientes,,15.0,8.0,20.0,97.0,116.0,127.0,57.0,70.0,116.0,20.0,112.0,50.0,117.0,448.0,9.0,383.0,201.0,378.0,936.0,22.0,20.0,116.0,465.0,399.0,66.0,646.0,55.0,17.0,54.0,0.0,7.0,3.0,4.0,1.0,1.0,1.0,129.0,10.0,,11.0,11.0,,,62.0,,6.0,6.0,,,3.0,,1.0,59.0,12.0,6.0,59.0,135.0,9.0,8.0,5.0,11.0,10.0,2.0,1.0,17.0,1.0,21.0,200.0,13.0,20.0,1.0,,,,,20.0,13.0,13.0,33.0,16.0,6.0,4.0,9.0,4.0,12.0,5.0,,,1.0,,4.0,,3.0,,,,,,1.0,24.0,1.0,2.0,3.0,,,,,,,,,,,,,,,,,,,,,,,
Real Sociedad,Midfielder,7y8ns61qioqu7kfsqzkvkwhuy,15,Urko,González de Zárate Quirós,Urko González de Zárate,Urko González de Zárate,33.0,18.0,29.0,113.0,171.0,208.0,105.0,103.0,237.0,29.0,175.0,90.0,197.0,750.0,8.0,608.0,296.0,598.0,2005.0,25.0,32.0,212.0,760.0,617.0,143.0,1070.0,113.0,38.0,107.0,0.0,15.0,6.0,8.0,4.0,,2.0,156.0,15.0,,35.0,29.0,6.0,,85.0,,23.0,9.0,,,1.0,,5.0,90.0,31.0,20.0,107.0,213.0,10.0,8.0,1.0,21.0,3.0,1.0,1.0,12.0,4.0,19.0,322.0,14.0,29.0,2.0,,,,,45.0,31.0,9.0,43.0,9.0,8.0,8.0,5.0,13.0,36.0,4.0,,,,,,,1.0,,,3.0,,,,11.0,,,,,,,,,,,,1.0,,,,,,,,,,,,,,
Real Sociedad,Forward,a5sz66h4t5kg1umvtth785jis,22,Wesley,Gassova Ribeiro Teixeira,Wesley,Wesley,2.0,2.0,3.0,8.0,8.0,5.0,2.0,3.0,6.0,3.0,3.0,2.0,2.0,21.0,2.0,15.0,2.0,15.0,64.0,1.0,2.0,13.0,21.0,15.0,6.0,32.0,5.0,2.0,6.0,0.0,,,,,,,17.0,1.0,,4.0,4.0,,,1.0,,,,,,,,1.0,4.0,2.0,,2.0,5.0,,,,1.0,1.0,,,1.0,,,13.0,,,,,,,,1.0,,,,2.0,1.0,1.0,1.0,,,,,,,,,,,,,1.0,,,,,,,,,,,,,,,,,,,,,,,,,,,,,,
Real Sociedad,Midfielder,6e4d1o09sl2ovlyyvhyd5xboq,21,Arsen,Zakharyan,A. Zakharyan,,6.0,2.0,16.0,34.0,59.0,41.0,28.0,13.0,60.0,16.0,35.0,24.0,23.0,181.0,14.0,144.0,41.0,135.0,391.0,12.0,8.0,86.0,182.0,145.0,37.0,292.0,49.0,8.0,31.0,0.0,4.0,6.0,,,,7.0,149.0,4.0,,11.0,11.0,,,11.0,,,9.0,,4.0,,,1.0,23.0,17.0,8.0,14.0,65.0,9.0,5.0,3.0,2.0,3.0,5.0,2.0,,,10.0,109.0,5.0,4.0,2.0,,6.0,2.0,,1.0,2.0,8.0,9.0,12.0,20.0,11.0,10.0,1.0,6.0,1.0,,,,,11.0,,,,,1.0,,,3.0,10.0,2.0,8.0,,,,,,,,,,,,,,,,,,,,,,,,
Real Sociedad,Defender,48gjuou5eashpj8wbwd18iju1,5,Igor,Zubeldia Elorza,Igor Zubeldia,,94.0,45.0,22.0,82.0,255.0,174.0,92.0,82.0,327.0,22.0,80.0,43.0,301.0,980.0,1.0,854.0,645.0,866.0,1899.0,4.0,34.0,142.0,1030.0,900.0,130.0,1309.0,103.0,27.0,63.0,0.0,49.0,2.0,13.0,2.0,1.0,2.0,25.0,14.0,,32.0,30.0,2.0,,37.0,,21.0,4.0,1.0,,,,4.0,150.0,13.0,8.0,53.0,320.0,5.0,3.0,1.0,21.0,1.0,,,1.0,13.0,34.0,255.0,14.0,18.0,3.0,,2.0,,,139.0,5.0,4.0,32.0,13.0,,,3.0,35.0,67.0,8.0,,,1.0,,,,1.0,,,1.0,,,,,1.0,,,22.0,22.0,,2.0,,,,,,,,,,,,,,,,,,,
Real Sociedad,Forward,euur9yvhgrieu4kl0vdkh244q,9,Orri Steinn,Óskarsson,O. Óskarsson,,18.0,8.0,13.0,13.0,13.0,36.0,21.0,15.0,9.0,13.0,18.0,11.0,17.0,53.0,11.0,32.0,12.0,34.0,310.0,3.0,8.0,33.0,56.0,35.0,21.0,98.0,17.0,5.0,21.0,0.0,10.0,,,,,5.0,37.0,5.0,4.0,5.0,5.0,,4.0,7.0,1.0,1.0,2.0,,5.0,,,,6.0,6.0,3.0,7.0,17.0,2.0,3.0,6.0,2.0,2.0,,,2.0,,1.0,23.0,1.0,3.0,1.0,,,3.0,4.0,5.0,1.0,9.0,4.0,14.0,1.0,1.0,,,,2.0,4.0,0.0,,,,,,4.0,,,3.0,,,4.0,1.0,,3.0,,,,,,,,,,,,,,,,,,,,,,,
